<?xml version="1.0" encoding="UTF-8"?>
<project-private xmlns="http://www.netbeans.org/ns/project-private/1">
    <editor-bookmarks xmlns="http://www.netbeans.org/ns/editor-bookmarks/2" lastBookmarkId="0"/>
    <open-files xmlns="http://www.netbeans.org/ns/projectui-open-files/2">
        <group>
            <file>file:/D:/Trabajos%20Universidad/Poo/Net%20Beans/Proyecto_mascotas/src/proyecto_mascotas/DATOS.java</file>
            <file>file:/D:/Trabajos%20Universidad/Poo/Net%20Beans/Proyecto_mascotas/src/proyecto_mascotas/MENU.java</file>
        </group>
    </open-files>
</project-private>
